time,SensorA,SensorB,SensorC
00:00,1.4162504050863611,4.21993004444613,3.139646401985112
00:01,3.5344389506597422,,3.064088089330025
00:02,5.659732681879005,,2.9255645161290325
00:03,5.6401668342179,3.0736502423424223,5.3812096774193545
00:04,4.4544740940809575,1.5540443311387193,1.055964541142325
00:05,5.879827727033006,0.10305438241903184,4.801929280397022
00:06,,0.9411817206467985,5.192313895781638
00:07,6.202981443115151,0.025297000326643726,4.701184863523573
00:08,3.850993808189461,1.6674443082172399,5.65825682382134
00:09,3.959236056829296,2.4634502151536086,6.036048387096773
00:10,7.351952739333275,3.130175632085157,4.978232009925558
00:11,4.776911568894086,4.022232918142567,3.8448573200992557
00:12,3.338158755836045,,3.8763399503722087
00:13,6.165423715990782,4.751587342275891,2.963343672456576
00:14,,3.3774536635012753,3.385210918114144
00:15,4.295834632920721,2.8024101399169385,2.887785359801489
00:16,7.290076664743425,0.38845655850001615,3.001122828784119
00:17,8.34405604386854,0.9804881591770842,4.103014888337469
00:18,5.263691037612714,0.5623693149364786,4.518585607940447
00:19,9.41005055095138,,
00:20,7.840945222445121,0.6433902385871599,5.6708498759305215
00:21,5.9217140970235205,2.013113302695438,
00:22,5.059527479955687,,5.3182444168734495
00:23,7.135995250095212,4.430167125304799,5.393802729528536
00:24,7.329220170578812,4.6374088190646825,4.846004962779157
00:25,7.074834410331654,4.236349934121134,4.808225806451613
00:26,11.481796877795329,3.592514079182224,4.317096774193549
00:27,8.477095995502928,,3.4796588089330025
00:28,8.798409285189788,1.086282459508992,3.1459429280397027
00:29,10.0808189727376,1.1511169010065956,2.9192679900744416
00:30,6.382127158029334,-0.14735394437178595,3.051495037220844
00:31,7.108258746783541,0.3937847848796294,3.032605459057072
00:32,9.142593534351576,1.2719011476899595,3.4859553349875934
00:33,9.976638792950798,2.4685485147933486,4.751557071960298
00:34,6.949258923028465,4.0929165156931955,3.825967741935484
00:35,11.057981712981253,4.80558904561606,5.217499999999999
00:36,7.8162396678726385,4.271266490938919,5.777890818858561
00:37,6.757071776358056,3.8489041807541655,6.741259305210917
00:38,,3.3706340269762665,5.570105459057072
00:39,9.097399879388611,2.4609737162557996,5.356023573200993
00:40,,1.6241457762005034,4.493399503722085
00:41,7.138586864510911,0.413102026252973,5.4378784119106705
00:42,7.044427026796379,-0.5044530099081377,4.140794044665013
00:43,11.729400889673949,0.1282272983220878,4.1533870967741935
00:44,7.220014044706275,,2.944454094292804
00:45,7.982132237116291,2.196605034251796,4.033753101736973
00:46,10.318001072956458,,4.436730769230769
00:47,8.943212057560228,,4.0967183622828784
00:48,9.160606491646131,3.7055678402957746,5.582698511166253
00:49,11.00695631426799,3.4481161644214753,5.060086848635236
00:50,10.81196659523537,3.21649551902064,
00:51,9.988282247942378,2.4691097318847195,5.211203473945409
00:52,9.807133137141653,0.6627753803498022,5.633070719602978
00:53,8.515680439674334,0.1290233507505696,6.2564267990074445
00:54,11.307039495663346,0.6138347511873068,7.024602977667493
00:55,9.733342123214696,0.7997285875405375,4.455620347394541
00:56,8.49956302152603,1.141576124688922,3.819671215880893
00:57,9.304887195174429,2.5898781769286634,3.416693548387097
00:58,10.37398159846915,3.3518921971224804,2.68
00:59,10.765307351597528,3.66429063023509,4.720074441687345
01:00,10.077010883206603,4.5847236170164205,2.988529776674938
01:01,9.44391028855335,4.018031119562884,3.649665012406948
01:02,7.110274460694011,2.7444593391845737,3.712630272952854
01:03,8.651746437020408,2.3614071525046416,4.7326674937965265
01:04,10.113773891664927,1.31520748741307,
01:05,,,6.678294044665011
01:06,7.847397137752663,1.0170731303376632,5.016011166253102
01:07,10.33306080882913,0.13833528019748664,5.286761786600497
01:08,9.838698311751376,0.8888674750954655,5.1419416873449135
01:09,11.535541133054744,1.9100498796486836,5.607884615384616
01:10,8.165589897654492,,5.406395781637717
01:11,10.636449504946041,,4.2667245657568245
01:12,12.292840508280083,4.551894186593064,4.5626612903225805
01:13,,3.6378047828267057,
01:14,9.60358558208835,3.3478849278898073,3.5804032258064518
01:15,9.238003337332305,1.637979720705971,2.824820099255583
01:16,9.675446195825415,,2.9822332506203475
01:17,8.683471158340174,-0.02048619029606069,4.392655086848635
01:18,,,4.354875930521092
01:19,8.454499725409198,0.25769106472104086,4.537475186104219
01:20,9.069799684966009,0.473812122842304,5.016011166253102
01:21,9.295997750173594,3.209198098376565,6.665700992555831
01:22,9.9514248447084,,6.9049689826302725
01:23,9.29780489336265,3.1007807405070746,4.934156327543425
01:24,9.590094458113127,5.130454606223593,5.488250620347395
01:25,9.759364566049873,6.586398496850831,5.072679900744417
01:26,11.856866563284557,2.729942608971072,5.104162531017369
01:27,8.812452530268075,,3.297059553349876
01:28,6.475905018212849,,3.882636476426799
01:29,8.846566686126305,0.25491817248703663,3.3096526054590574
01:30,11.763369833828614,,3.0389019851116625
01:31,8.609382390230738,-0.05196376129720326,4.417841191066998
01:32,9.772957093838585,0.9781215339754978,3.989677419354839
01:33,11.124439827865498,2.2239932449048156,3.763002481389578
01:34,8.94230701805487,3.280152545568739,4.7956327543424315
01:35,8.268758114717617,4.563339735565562,5.746408188585608
01:36,10.788257029914886,4.292595863200561,
01:37,11.390871028361387,7.561530386822512,4.256050972739773
01:38,8.694381227685048,2.8378205788878423,4.623060717603742
01:39,11.470739978926368,2.436250394767379,5.450471464019851
01:40,,1.486007932525351,4.430434243176179
01:41,11.463861589370707,0.21862152152761816,5.954193548387097
01:42,7.955034409745394,-0.3731826509223626,3.473362282878412
01:43,6.543063528434381,0.008517990735782632,4.7956327543424315
01:44,8.903728935308557,0.26174534028747765,3.592996277915633
01:45,8.065396051054156,2.210227398334938,3.1333498759305214
01:46,9.862038338783393,2.9784408395563657,4.109311414392059
01:47,10.190553988251674,3.691565022597013,5.091569478908189
01:48,9.975546247920434,4.14203458246695,4.543771712158809
01:49,11.873466649380402,,5.242686104218363
01:50,8.154374176723099,3.0298355412436546,5.771594292803971
01:51,9.373474018841817,,5.54491935483871
01:52,,0.14781775205862546,6.281612903225806
01:53,7.789670655539947,-0.6395824980077665,5.104162531017369
01:54,9.700347574164253,-2.111791091445503,
01:55,10.126997314273554,-0.5727397340288722,5.078976426799008
01:56,11.255188705918572,,4.833411910669975
01:57,8.939653187406137,,5.204906947890819
01:58,10.082003305101285,2.2720223492517455,4.1470905707196035
01:59,9.824943056111348,,4.361172456575682
02:00,11.541974281325185,,3.8511538461538466
02:01,10.014905588579373,,4.140794044665013
02:02,8.91649094185956,3.514568630772061,3.88893300248139
02:03,12.271146039308944,2.128435353303119,4.808225806451613
02:04,12.556846049087074,0.889780902407356,5.614181141439206
02:05,7.300886678382625,0.2625341903493328,6.514584367245657
02:06,10.553239933064555,-0.4493220919769523,5.664553349875931
02:07,,-1.121251256294304,6.558660049627791
02:08,8.78515560678423,0.7826515958368003,6.193461538461538
02:09,12.336515643796304,1.4330309774548295,
02:10,11.003084566899066,3.369173693337694,5.532326302729528
02:11,11.24122040000749,,4.00227047146402
02:12,8.960869588538444,3.4568514315116436,4.827115384615385
02:13,9.07811401195968,3.0128019063497433,
02:14,10.55832273080493,3.0420794879128055,3.2592803970223327
02:15,,,3.901526054590571
02:16,11.314367527210768,-1.7644336574307227,4.241538461538462
02:17,10.168779006430658,-0.5831699109726283,4.43673076923077
02:18,9.383123213815974,-0.15083291362608753,5.87233870967742
02:19,8.785613314685529,-0.11971897291124911,6.124199751861042
02:20,10.955164099137482,0.23641863511671835,4.675998759305211
02:21,9.637255534437582,,4.480806451612903
02:22,9.099949799692585,,5.248982630272953
02:23,,3.247313196105658,5.475657568238214
02:24,8.401830246810894,2.9500254379273185,7.169423076923078
02:25,10.235818257331106,,4.9152667493796525
02:26,12.225521645744916,2.1220272134330163,4.953045905707196
02:27,8.799825320845404,,4.764150124069479
02:28,,0.44184441073105374,
02:29,,-0.30179422577090165,3.416693548387097
02:30,11.263431432721372,-0.5664984351396303,3.605589330024814
02:31,11.798802051866996,0.21107786801723138,3.88893300248139
02:32,11.18755064028469,0.3566920211636573,4.694888337468983
02:33,12.15178902016117,2.3244395698833547,4.801929280397022
02:34,11.827809881565965,,4.9152667493796525
02:35,13.203695835648418,3.2109223572940575,5.866042183622828
02:36,9.569476729895818,3.330014745774662,5.5008436724565755
02:37,8.702458596965903,3.334273916739784,6.457915632754342
02:38,,2.431178393632768,6.250130272952854
02:39,9.35054383469741,0.9386483094211866,5.75900124069479
02:40,8.407877493351052,4.359382521126595,6.457915632754342
02:41,,-0.7165599240027007,5.991972704714639
02:42,8.887991978282654,-0.3303459893713603,
02:43,,,3.530031017369727
02:44,10.465475549363923,0.4785848623298299,3.9518982630272954
02:45,9.390395943308572,1.4933963373014985,4.134497518610422
02:46,12.412769614401897,0.8506707982229016,4.953045905707196
02:47,,,4.7326674937965265
02:48,10.895327348085186,,6.420136476426799
02:49,7.447990035424004,3.039093350566798,6.401246898263027
02:50,9.838999180067008,2.657014733652346,6.231240694789081
02:51,9.8478007158104,,6.766445409429281
02:52,12.313093295873115,-0.327072422964763,6.331985111662531
02:53,10.099207087804992,-0.25746363457091315,6.709776674937965
02:54,10.505250775817935,-0.8683110649740997,5.727518610421836
02:55,11.093398186758243,-0.09198222401608058,5.4378784119106705
02:56,10.605818878997122,0.11295805816992788,5.777890818858561
02:57,10.533558453001918,2.053138646753908,
02:58,11.901871637328409,1.611068724557927,3.460769230769231
02:59,11.815255026276446,3.1180822262186476,3.6118858560794047
03:00,9.210869541700282,3.6895024652503574,3.592996277915633
03:01,,,5.248982630272953
03:02,11.384454559850253,1.4398918301353962,
03:03,10.11428087504665,1.7322212191893902,5.44417493796526
03:04,9.523781295557304,,6.43902605459057
03:05,11.039067665496107,-0.6107563760011696,5.922710918114144
03:06,7.2915368084493615,,6.193461538461538
03:07,10.541035836871728,-1.1096036193299914,6.829410669975186
03:08,11.316185300647243,0.6130440821333529,6.558660049627791
03:09,11.479909046970608,0.7418749599961401,6.117903225806451
03:10,9.649277659356404,1.593375202597918,6.571253101736973
03:11,15.403236549881779,,
03:12,10.693911839957815,,3.689674919939807
03:13,11.827751263178149,2.293014150271947,4.348579404466501
03:14,8.736355718594387,1.817934666918398,3.7944851116625316
03:15,,,4.631923076923077
03:16,9.218007634141719,-0.5103364266872807,4.014863523573201
03:17,10.82656066987424,-0.8530080240937064,5.954193548387097
03:18,7.964133117674954,-1.1491634179486512,5.696035980148883
03:19,10.19490095932432,-0.9330339520149125,5.809373449131514
03:20,10.619309847602242,0.38860236308901674,5.450471464019851
03:21,10.367339483591918,,6.313095533498759
03:22,10.43864641514824,2.2964318191272,6.275316377171215
03:23,9.784782146859037,2.1878626563557235,6.804224565756822
03:24,,,4.814522332506204
03:25,9.267597461306801,,
03:26,10.936663169141282,2.8540106875876408,5.916414392059552
03:27,10.019718635465194,1.305656068022155,4.392655086848635
03:28,10.965156875676628,-0.6974004186628742,
03:29,10.242579166109003,2.371016407500976,4.279317617866005
03:30,9.464600789902232,-1.3427856323261922,3.637071960297767
03:31,9.934248005677649,-0.6363103507289747,4.468213399503722
03:32,10.055864378530096,-0.5404952570400328,4.046346153846154
03:33,10.676625196067942,,5.607884615384616
03:34,10.046282372401606,1.7596891225566358,5.65825682382134
03:35,8.80319683572539,2.5423531243119415,5.003418114143921
03:36,11.875218333376505,2.8110171128429498,6.306799007444169
03:37,9.364434020540468,2.121539433012492,7.553511166253102
03:38,10.13952539029978,1.3632527314028238,6.65310794044665
03:39,11.940158452799304,0.9555625472240621,7.32683622828784
03:40,,-0.38293983669624954,6.76014888337469
03:41,7.790072055869154,-1.340869002388653,7.081271712158809
03:42,,-1.5560324158960253,4.864894540942928
03:43,,,5.053790322580645
03:44,9.203256183696103,-0.8604486973322545,4.846004962779157
03:45,10.999377277004506,0.09638820543124416,3.933008684863524
03:46,12.038867192866864,1.2284293203225727,5.866042183622829
03:47,10.388934288242009,2.883841103697769,6.338281637717122
03:48,8.372916610775277,1.6271143568904893,6.338281637717122
03:49,11.602389765169194,2.0603582485636016,5.066383374689826
03:50,12.300814080049674,1.7986353568654305,6.136792803970223
03:51,10.27595982688726,0.4343525610755483,6.7853349875930515
03:52,9.558693628708044,-0.5736806801458827,7.112754342431762
03:53,8.581478115115825,-0.937643127463407,6.067531017369726
03:54,11.200247728071108,,6.7223697270471465
03:55,11.950423829557367,-1.0216581282515924,6.64681141439206
03:56,10.65788901945811,-0.16247795267963916,6.65310794044665
03:57,10.391081083187306,0.9432220130625821,6.010862282878412
03:58,10.821112678866626,1.1817963043191693,5.311947890818859
03:59,11.042309379101226,2.1322155920191124,4.380062034739454
04:00,10.264364205652567,2.248056216918772,3.882636476426799
04:01,11.100223884274785,,5.425285359801489
04:02,,,4.00227047146402
04:03,7.968092395066807,1.1943741150708242,5.261575682382134
04:04,9.610374980794784,-0.5410908594944397,4.525343588552231
04:05,13.529660819394694,-1.2745356901577425,5.494547146401985
04:06,9.559747160723074,-2.1540523779231897,6.980527295285359
04:07,7.996518816890953,-1.70102337987697,13.91964809069924
04:08,9.412042490244163,-1.2709137208918764,6.810521091811415
04:09,8.474564136476415,-0.15696954388692852,6.527177419354838
04:10,11.898895599132041,1.5254418692966798,6.747555831265508
04:11,11.38484536469891,2.4316940362395023,7.87463399503722
04:12,7.957061758121861,1.9798939303501175,5.248982630272953
04:13,8.85082757729609,1.9519036357152926,4.197462779156328
04:14,7.284352696144562,1.394901324490708,3.939305210918114
04:15,9.990529082301093,0.4584425549803228,5.947897022332507
04:16,9.527533118358692,-1.3217416436622433,4.543771712158809
04:17,11.018466406106064,-2.0028999564239927,5.425285359801489
04:18,5.972169528979819,,6.848300248138958
04:19,10.420533996155973,-1.4974369044435742,6.369764267990075
04:20,11.765484896923752,-0.9326300447543028,7.566104218362282
04:21,,-0.18102891664246856,7.383504962779156
04:22,8.366155851631483,1.534738329727328,8.025750620347395
04:23,9.160185092952094,2.2113635048933267,6.76014888337469
04:24,10.697097938550279,2.1299509908112215,6.627921836228287
04:25,9.32648247031664,2.4745358648201243,6.394950372208436
04:26,10.972969716108265,,4.398951612903226
04:27,8.64250007934437,-0.16770394180593007,
04:28,9.490521596820322,-1.2228872930330996,7.9138684706436795
04:29,10.124123159203702,,4.568957816377171
04:30,9.06885566640346,-1.7764905730233382,4.751557071960298
04:31,9.9410068648778,-1.5713828992523091,5.65825682382134
04:32,,,5.286761786600497
04:33,,0.1826497463780341,7.3709119106699745
04:34,9.014804662741358,1.4118049863999138,6.281612903225806
04:35,9.684402777033798,2.2948067762835933,7.3079466501240695
04:36,,-0.9345405393327653,5.777890818858561
04:37,8.638627059972357,1.350863608872622,7.824261786600497
04:38,11.000860676014014,,6.829410669975186
04:39,8.143866203420004,-0.005858218371607382,7.112754342431762
04:40,11.923523344157402,-0.5575453285567971,6.237537220843672
04:41,8.523977663117474,-1.7256830611242375,6.577549627791563
04:42,,-2.462461521890547,5.034900744416873
04:43,12.674272198293071,-2.032122375671882,4.720074441687345
04:44,9.870104029157496,-1.2045650560941723,4.0967183622828784
04:45,16.500702007289544,0.7334066084842821,4.461916873449131
04:46,7.491659428556175,0.8606850844205574,5.44417493796526
04:47,10.972717571069223,1.8393117210380918,6.609032258064516
04:48,10.753426871598627,,6.583846153846154
04:49,10.479163498631442,,5.740111662531017
04:50,10.700963154903743,1.4168810029728425,7.251277915632754
04:51,10.204411020394618,,8.044640198511166
04:52,10.272631417513157,-0.7878586461282291,6.829410669975186
04:53,10.917012204235315,-1.4410612476367624,7.855744416873449
04:54,8.772196826952474,-2.04024957074816,8.006861042183623
04:55,10.023784059497217,-1.6447110632007067,
04:56,11.635632437557161,-1.2796727461273527,6.747555831265508
04:57,7.603540105749378,1.2881011588673488,4.638219602977667
04:58,,0.9265412181884414,5.261575682382134
04:59,12.537972073858858,1.7045474235700837,5.230093052109181
05:00,7.413728964146108,1.582956549728113,4.9719354838709675
05:01,13.284134235258687,2.050222934276528,5.123052109181142
05:02,10.744299210351286,1.316726376997555,5.645663771712159
05:03,13.909064357711213,,5.639367245657569
05:04,,-0.6667106575392041,6.294205955334987
05:05,9.02436086611303,-2.6104745045434403,7.465359801488834
05:06,12.415006875500266,-2.635108297662503,7.339429280397022
05:07,10.098237232677732,-1.216233978348678,6.87348635235732
05:08,8.410249881525004,-0.3962278591719324,6.7223697270471465
05:09,9.716909988617502,-0.03431132152656602,8.529472704714639
05:10,13.205597014429056,0.895232704065867,6.898672456575682
05:11,9.201618179897812,1.6770789205272596,6.917562034739454
05:12,9.854826147571979,3.00575536432214,6.394950372208436
05:13,8.720659062519486,2.432282521639758,5.248982630272953
05:14,13.55175882814871,1.1225083677891985,5.65825682382134
05:15,8.905790443892439,-0.3839206070417469,5.034900744416873
05:16,10.992941821637372,-1.146850898054473,4.3296898263027295
05:17,,-1.6438905508781696,6.180868486352358
05:18,,-2.590981914790983,6.785334987593053
05:19,11.658545811743467,-1.6937714577954577,6.583846153846154
05:20,11.268720006913918,-1.039111355182094,7.515732009925557
05:21,10.80235546700545,-0.6520972245696224,7.654255583126551
05:22,10.676835914772326,0.8838109830030492,6.590142679900744
05:23,9.895345688570098,0.9656186171932499,7.030899503722084
05:24,8.543149814573091,,7.352022332506202
05:25,8.537947323262802,2.265877755615044,6.911265508684863
05:26,,0.4485927388846678,5.740111662531017
05:27,11.986735483277927,-0.22239490425381225,5.186682622525758
05:28,7.729926595395274,-1.2928736515296364,5.003418114143921
05:29,11.421712108313274,,4.783039702233251
05:30,8.435620788191997,-2.2418280241381607,4.5934053787837446
05:31,6.408145472266484,-1.8200554828162803,4.8523014888337475
05:32,9.553602394407019,,4.820818858560795
05:33,,0.02932647806069033,4.814522332506204
05:34,8.448946434099746,1.4467171796176688,6.87348635235732
05:35,12.714467168590165,1.9136270406004225,
05:36,9.438966520310018,,7.710924317617867
05:37,11.808838506484214,1.898924358340957,7.710924317617867
05:38,10.912948782581807,1.021814350491161,7.182016129032258
05:39,8.54294056392407,-0.10849422305876422,5.65196029776675
05:40,,,7.654255583126551
05:41,8.999126662495357,-1.820441603616784,8.10130893300248
05:42,12.906162141856608,-2.3510260803419825,5.242686104218363
05:43,7.096369987339134,-2.5577156623145987,4.720074441687345
05:44,11.31660552956537,-0.6998511154690465,5.003418114143921
05:45,10.183037086434982,-0.060822640487978585,5.078976426799008
05:46,9.395721991827022,0.6209576213579995,5.733815136476427
05:47,8.714406599666061,,4.577279047733443
05:48,,1.7555192597059204,7.043492555831266
05:49,9.748057367954603,2.033787029276408,7.584993796526055
05:50,11.52574374414779,1.6758581546331994,7.207202233250621
05:51,9.554690396183144,-0.5310443178851187,7.843151364764267
05:52,10.182511282181618,-0.9786211495964994,7.112754342431762
05:53,8.036382794662845,-2.0581623020047384,6.98682382133995
05:54,9.584730122967231,-1.887801204322118,
05:55,12.789693726410743,-1.803538455697773,6.993120347394541
05:56,9.803545111187411,-1.5211292307157314,6.53347394540943
05:57,9.941754566562206,-0.8108071846848723,
05:58,11.223311584746364,1.7828459974132915,5.99826923076923
05:59,8.500583145983878,2.050642030471238,4.99712158808933
06:00,9.20598288624877,1.765473866605003,5.274168734491315
06:01,9.976621448902014,2.4082694698462905,5.752704714640198
06:02,11.797388206610716,1.4331982835636783,5.639367245657569
06:03,9.64584337911455,-0.08819662079055934,5.519733250620348
06:04,9.068535075553918,-1.8485846600414042,7.509435483870968
06:05,9.075389350853671,-2.5516924978216475,7.578697270471464
06:06,,-2.046088547867997,6.892375930521091
06:07,6.906559752107656,-2.2743737181220007,6.772741935483872
06:08,10.184052825276037,-1.2326237533716984,7.509435483870968
06:09,10.10493097053742,0.3599097014989794,7.44017369727047
06:10,7.199209952991365,0.8494656316204185,6.860893300248138
06:11,7.627651725142792,1.9549233613350214,7.692034739454094
06:12,8.598785304102808,,5.702332506203474
06:13,8.589699986205414,1.6305106919332593,5.595291563275435
06:14,10.563885996488674,0.6778281340926569,5.343430521091811
06:15,8.861310985915226,-0.4892962436512951,5.248982630272953
06:16,10.82379129242817,-0.5756586701000761,6.168275434243176
06:17,11.174181595542015,-1.922638164772319,5.5512158808933005
06:18,8.738598236269278,-2.271410252454961,6.489398263027295
06:19,9.939407990640543,-2.3752282602504673,6.21235111662531
06:20,9.888582030920375,-1.30074640645613,7.226091811414392
06:21,10.863970639747324,-0.39129935032164953,9.51173076923077
06:22,11.780346760537181,0.4382128590601271,8.460210918114145
06:23,8.788922479209125,1.8894933120012123,7.408691066997518
06:24,10.23646367960247,,7.238684863523574
06:25,10.429670478243649,0.9866913575953928,6.564956575682381
06:26,,0.9047424710079977,7.106457816377171
06:27,8.903975350784002,-0.021099783467642297,6.363467741935484
06:28,8.992596496582582,-1.1162311654373127,4.789336228287842
06:29,7.669114831606951,,5.44417493796526
06:30,7.968637628110609,-2.5801273564774974,5.450471464019851
06:31,8.30546125396205,,5.280465260545906
06:32,9.60044860060081,-1.1646768174156206,6.779038461538461
06:33,9.982103859324203,-0.9397267477839983,5.129348635235733
06:34,10.502510350256424,0.4075235884473032,6.879782878411911
06:35,9.409475239003893,2.0262578564444143,8.107605459057071
06:36,10.261110122338378,,7.64795905707196
06:37,8.635356339736234,1.5050556930496644,8.900967741935485
06:38,9.846812499831,0.727878292857822,8.365763027295285
06:39,13.410001677609582,-0.6177507375248901,7.578697270471464
06:40,10.072239980367112,,6.923858560794045
06:41,12.448159494077263,-2.74,7.925006203473945
06:42,8.171090193571999,-2.5334385940455055,5.526029776674939
06:43,9.83775594730855,-2.1493014451493795,5.897524813895782
06:44,10.866919259432262,-1.7634309828824284,4.864894540942928
06:45,12.108129340014287,0.014618920510620192,5.091569478908189
06:46,,1.0621762855199455,4.99712158808933
06:47,6.82292085058583,1.9146056496375579,7.112754342431762
06:48,8.417580127932672,,8.516879652605459
06:49,,1.9894294701816948,7.817965260545906
06:50,11.70266808175709,0.8068965402578545,8.265018610421835
06:51,10.539478764166413,-0.3926385258495402,6.6594044665012415
06:52,8.277848663619354,-0.39433269622353206,7.937599255583125
06:53,12.076947953758884,-1.678145501477536,7.805372208436724
06:54,11.067373246763237,-2.285435104052958,8.793926799007444
06:55,8.540522285208674,-2.551430241158251,7.452766749379652
06:56,10.05951900359229,-1.061719706364115,7.106457816377171
06:57,11.412813940492022,0.094125715641312,6.501991315136475
06:58,10.411327785275088,0.9333533588464995,5.305651364764268
06:59,9.394214871828375,1.9741735792170418,4.978232009925558
07:00,10.607198702673132,,5.362320099255584
07:01,7.971186221038737,1.9298940329950138,
07:02,,1.6824315572050699,6.766445409429279
07:03,,-0.10632977368208074,6.961637717121587
07:04,10.959675779501987,-1.1801287480283602,7.433877171215881
07:05,10.810199556497526,-2.580472447173704,8.775037220843672
07:06,9.160991438821977,,8.220942928039703
07:07,,-1.6359215742389561,7.496842431761786
07:08,10.325523085062619,-0.970591334523865,7.597586848635235
07:09,8.79293343294155,4.910142540914819e-05,7.729813895781637
07:10,10.29343256834063,,8.120198511166253
07:11,10.3923849317009,1.3588052612713355,8.989119106699752
07:12,8.425449819531483,1.9691438724773231,6.816817617866004
07:13,7.9958973085969145,2.1477601603627177,6.382357320099255
07:14,9.0515280326657,1.2798013628945446,5.406395781637717
07:15,9.556798771806251,-0.6614126805892884,5.280465260545906
07:16,9.90150488978107,-0.90068545547758,6.495694789081886
07:17,9.41042124435755,-0.7742152213948361,7.509435483870968
07:18,10.130567836916937,-2.4967165862995735,7.0749751861042185
07:19,8.467216460361394,-2.048305047589655,7.767593052109181
07:20,12.404870486895886,-0.943514791121461,8.617624069478909
07:21,7.9864587437311885,1.0134213689526104,7.389801488833747
07:22,,0.8682152686850877,8.321687344913151
07:23,12.712786257065446,1.7642242100366667,8.894671215880894
07:24,10.426514940879082,1.5400143380851103,7.515732009925557
07:25,10.621780177018708,2.3100917142592303,8.535769230769231
07:26,8.692204674872125,0.3639662861995703,7.53462158808933
07:27,9.051712299479167,-0.7513899564181736,5.75900124069479
07:28,11.163178585339706,-1.3766317072280345,5.204906947890819
07:29,11.060480766616243,-1.4988812178097817,5.796780397022333
07:30,8.404104990347664,-1.6548163761045875,6.174571960297767
07:31,11.340279565814125,-1.936965758707644,7.358318858560795
07:32,13.790899199887944,-0.7832678385687326,6.797928039702233
07:33,9.823680961551286,0.2301797444434417,6.779038461538461
07:34,5.485824070233209,1.3605695828911424,7.5975868486352365
07:35,8.782188063672205,1.6226033950885164,7.4212841191067
07:36,10.904900860791127,,7.918709677419356
07:37,9.744589948611788,,9.63136476426799
07:38,9.85653604263461,1.1995623260642203,7.175719602977667
07:39,12.288748195187996,1.2612410423432845,8.189460297766749
07:40,9.062379567330456,0.8272203394652378,8.107605459057071
07:41,11.466624060812444,-1.5744238392346688,7.4275806451612905
07:42,5.79707516850455,-1.9093258611368142,7.320539702233251
07:43,11.240156785306167,-1.6685567585155148,5.87233870967742
07:44,6.6556694557356515,-0.39583201830270376,5.43158188585608
07:45,8.644311111650161,-0.19633606050320385,5.809373449131514
07:46,,1.5936110425885976,6.243833746898263
07:47,9.462039237457216,2.1627189271224996,6.564956575682382
07:48,9.955979589149763,1.9112004746098616,6.464212158808933
07:49,8.719044465654783,2.2831870250800934,8.006861042183623
07:50,11.24691992884666,1.6322710423291946,8.126495037220844
07:51,8.246147792386711,0.2708536075248196,8.132791563275434
07:52,9.001494751490455,-0.8971449341303537,8.460210918114145
07:53,10.016055460440946,-1.3566608874199404,8.529472704714639
07:54,8.00293580040785,-2.1409743172536135,8.353169975186104
07:55,12.314035446061803,,10.160272952853598
07:56,8.417419608134496,-0.48623407723938783,7.182016129032258
07:57,8.839978930171837,,6.300502481389578
07:58,10.395437923112635,0.9980254677184899,5.633070719602978
07:59,10.600652391806534,1.967937624401829,6.2564267990074445
08:00,8.384698560595359,,
08:01,9.804406344768886,1.9076803146500074,5.960490074441687
08:02,11.074024133576103,1.8835354911328919,6.77274193548387
08:03,12.983098733852252,1.12718442331549,7.333132754342431
08:04,11.090841068200932,-0.357195536962275,8.453914392059552
08:05,8.644104728435,,8.900967741935485
08:06,9.551731788105645,-1.4172682912595622,8.126495037220844
08:07,,-0.26090269692624224,9.121346153846153
08:08,8.843955657333812,-0.7733632892450262,8.932450372208438
08:09,,-0.05926716465191495,8.567251861042184
08:10,9.019648211637364,1.5416963408235995,8.032047146401984
08:11,7.0710302182307965,,8.52317617866005
08:12,11.18373360145622,2.2359867312355757,7.251277915632754
08:13,10.5476764909504,,6.640514888337469
08:14,10.037940321845673,1.5036392340543214,6.168275434243176
08:15,,,6.017158808933003
08:16,,,6.678294044665011
08:17,9.123630458811693,,7.295353598014888
08:18,10.317687069801837,-0.39127432987654287,7.547214640198511
08:19,9.912348420763065,-0.8929080215696463,7.654255583126551
08:20,,-1.1147857295009056,8.812816377171215
08:21,11.137982846681492,,8.107605459057071
08:22,8.783288334143009,1.3116817607629452,7.836854838709677
08:23,7.180882098100514,3.0476246621320087,
08:24,7.162792724533218,2.8691295484428254,7.918709677419356
08:25,8.51343420003078,2.0282663233406844,7.767593052109181
08:26,10.602716396113102,1.806632243895148,7.408691066997518
08:27,8.579958679808055,1.2604188997677266,7.673145161290321
08:28,10.031099601277733,-0.5337592044926676,6.168275434243176
08:29,9.265088255902452,,6.785334987593053
08:30,11.44843622161919,-1.0994160838296616,5.54491935483871
08:31,10.93797686823984,-1.1233916875333803,7.679441687344912
08:32,8.191973302475493,0.5418911843898857,6.911265508684863
08:33,8.984239551064814,0.3417928500758334,6.810521091811415
08:34,9.080755409774135,1.935740801825573,8.151681141439205
08:35,9.904466830428815,2.094034188905451,9.750998759305212
08:36,10.559391060721552,3.466346066380745,9.549509925558313
08:37,9.603900307802673,,8.693182382133996
08:38,10.884850536296769,1.555525960533081,8.353169975186104
08:39,10.556590810408304,-0.3748517269679703,7.320539702233251
08:40,10.928771100425333,-0.7015535849268093,9.492841191066997
08:41,9.71856356498318,-0.8395083544140116,7.767593052109181
08:42,11.956476690307506,-1.142004156091399,7.937599255583125
08:43,8.163937397300074,-0.5057269924091847,7.081271712158809
08:44,8.599785593542034,0.02490300409759927,6.0864205955334985
08:45,7.394432645901347,1.1107636201112285,6.43902605459057
08:46,7.550378680308825,1.7447405039930084,5.866042183622829
08:47,10.32133683442268,,8.000564516129032
08:48,10.81408760266921,3.200622673611208,7.616476426799007
08:49,8.21504234306758,2.8582598794930014,8.466507444168734
08:50,9.24746050136776,2.7285375371840557,8.560955334987593
08:51,10.04186533434134,,8.938746898263027
08:52,11.093415490690036,,8.54206575682382
08:53,6.9417776157196,,9.05838089330025
08:54,9.120534084604035,-1.0302825026750657,8.951339950372208
08:55,10.339374754154072,,6.4893982630272955
08:56,9.503010826841326,,7.081271712158809
08:57,8.837212130981099,0.9174011969656486,7.918709677419356
08:58,10.727411590114764,1.549325301691928,6.457915632754342
08:59,10.616233563458477,3.0089981793292786,6.187165012406947
09:00,9.81314879290546,,6.10531017369727
09:01,7.797797499468492,2.748308740955193,7.112754342431762
09:02,8.377501167562608,1.7069228392308498,8.139088089330025
09:03,9.964599079885845,1.6109031201519919,7.622772952853598
09:04,9.587376029391834,0.0040827640317622205,7.912413151364763
09:05,7.886937218373977,,8.384652605459056
09:06,9.273278190343124,-0.5675544189770592,8.472803970223325
09:07,8.920806975257488,,8.0887158808933
09:08,12.780587357471978,0.2183012407575018,8.378356079404465
09:09,10.662925014971165,1.548080850351412,7.836854838709678
09:10,9.846032292406543,2.636016523788995,8.403542183622829
09:11,12.429174630274668,,7.358318858560795
09:12,10.157460741412612,3.777199174917075,8.057233250620348
09:13,8.764166179431951,3.120167028942295,6.860893300248138
09:14,,1.630404441548166,6.923858560794045
09:15,8.389370543065976,1.0705536336980934,6.124199751861042
09:16,12.033571407694174,,6.527177419354839
09:17,8.556648813908623,0.017865218238835467,6.596439205955335
09:18,9.977242817066216,-1.4891689517042461,7.937599255583127
09:19,7.0258001275068995,-1.3122548422837534,
09:20,10.070133760777765,0.3280267946700941,8.649106699751862
09:21,9.64029482592608,1.5071191048213155,8.252425558312655
09:22,7.194701387737037,2.648505476221719,8.712071960297767
09:23,8.826726654878346,2.787685414190462,9.505434243176177
09:24,12.562458569626978,4.184162759712485,8.479100496277916
09:25,8.688543360771948,3.048623357154784,8.013157568238213
09:26,8.492260997452682,2.237549958312113,7.799075682382133
09:27,,1.605428817391175,7.163126550868485
09:28,7.599840666479872,,6.099013647642679
09:29,,-0.6893893067741961,5.991972704714639
09:30,9.005334043940575,-0.9810811220763695,6.073827543424317
09:31,9.908153829868306,-0.3260764677905734,6.867189826302729
09:32,8.159666193528034,0.7875542989468385,6.501991315136475
09:33,10.15806945064943,0.7412810956761509,7.037196029776673
09:34,9.166543049870768,2.112114546555911,7.358318858560793
09:35,11.814714208046999,3.358786947679028,9.902115384615385
09:36,11.1820031507583,4.2179996697050655,8.605031017369727
09:37,11.059533434551296,3.1433874526191534,9.096160049627791
09:38,14.237871451171012,2.9169487917921533,9.240980148883375
09:39,8.81053302815533,1.4645711016889926,8.838002481389577
09:40,10.87382439097784,0.6159215066127293,8.132791563275434
09:41,,-0.559108187929072,8.032047146401984
09:42,10.733387150695544,0.024001233953605094,8.252425558312655
09:43,,0.1553799259058266,6.161978908188585
09:44,10.223061962372684,0.2450659128596473,7.2575744416873444
09:45,8.22836157595976,1.726987839620766,6.407543424317618
09:46,9.33872819523878,2.907099586986206,7.093864764267989
09:47,7.88753967445992,0.7696002906837247,7.459063275434243
09:48,6.722212684731092,,8.435024813895781
09:49,7.08410017305969,3.506116973114838,6.835707196029777
09:50,8.451561661068036,2.7115278333797814,8.718368486352357
09:51,3.8413412963166387,1.3783681997625479,9.033194789081888
09:52,9.78189282249115,,8.919857320099256
09:53,9.827511692225738,-0.43210627877760066,9.310241935483873
09:54,7.72978512392021,-0.7825812735391655,8.258722084367244
09:55,8.798698669298254,-0.444573294715668,
09:56,8.596338933020672,0.48137416099161934,6.848300248138958
09:57,11.728562221354126,1.9051922885468846,7.4905459057071955
09:58,9.5534660100749,3.1664282272932978,7.679441687344912
09:59,10.758352634440907,2.4400571456084803,6.394950372208436
10:00,7.750733024871056,,6.376060794044665
10:01,11.591788830403338,3.151508528802192,6.363467741935484
10:02,8.66849455403981,3.358828214081087,7.150533498759305
10:03,10.073371939358458,1.867756069280646,8.145384615384616
10:04,7.604370846260861,1.1114588659481335,7.868337468982631
10:05,9.075711662487024,-0.2628129041486016,8.793926799007444
10:06,9.070026883352906,-0.8876343637493656,8.86948511166253
10:07,9.945868832044724,-0.653290920306703,8.76244416873449
10:08,8.55762723470395,1.147090378201756,9.732109181141437
10:09,7.093308559304826,1.8165587456540608,9.272462779156328
10:10,7.687805822304911,,9.026898263027295
10:11,11.468578312317351,,7.333132754342431
10:12,,4.184929141457181,8.598734491315136
10:13,8.051303603119802,4.017538305521626,7.603883374689826
10:14,10.327927529130019,2.910424752394176,6.43902605459057
10:15,9.436661541082117,1.457096372141856,6.9679342431761775
10:16,10.163354939802192,0.8852803284348947,6.4893982630272955
10:17,5.978750727570268,-0.4660215918077525,8.40983870967742
10:18,10.926162447026135,,7.950192307692307
10:19,9.916335368646752,-0.32254733191223206,9.18431141439206
10:20,10.514984537863276,1.4186274656270488,8.74985111662531
10:21,8.421399054116916,1.8540886469745237,9.07097394540943
10:22,8.483352580244432,2.774148865979363,8.372059553349876
10:23,9.742724855852886,4.211036274481267,9.30394540942928
10:24,9.754434097819003,3.423129017075361,9.85803970223325
10:25,9.87261711188968,4.028630014430618,9.656550868486352
10:26,10.14891760652297,3.61068629916703,8.605031017369727
10:27,10.187371929504693,,7.119050868486353
10:28,,0.8019669223713897,6.464212158808933
10:29,6.549769319785592,0.5141510137862166,6.287909429280397
10:30,11.397935144451079,0.03807268197386726,6.464212158808933
10:31,8.678356134165524,0.24888917447003545,6.388653846153845
10:32,8.877054204705416,0.9867591110435563,8.145384615384616
10:33,10.588448017014947,1.844672407478675,7.925006203473945
10:34,6.038002751982567,,8.680589330024814
10:35,7.814330158800408,3.5391881442267135,8.995415632754344
10:36,8.692229379884443,3.9457341003878037,9.562102977667495
10:37,11.013627882360275,4.375498435284316,9.921004962779158
10:38,11.430114899161701,2.649677561607038,9.618771712158809
10:39,8.783055520513024,2.082938736181953,8.737258064516128
10:40,7.902404431668904,1.1146237345341432,8.781333746898262
10:41,7.28380628698771,-0.5733463852100451,8.611327543424316
10:42,8.62577765118635,0.6202629008471447,9.85174317617866
10:43,8.547184948896998,-0.021474756600597278,8.101308933002482
10:44,,1.3786325900684249,7.799075682382133
10:45,9.728864669200634,1.8669092189380674,6.470508684863523
10:46,7.745829391242849,3.279554645600329,7.868337468982631
10:47,9.540495454579254,4.046463504036559,7.345725806451613
10:48,7.865496537277981,6.9943564784259165,7.52202853598015
10:49,7.548763213562054,4.464558144291261,9.379503722084369
10:50,7.2088097475325945,2.8991277333073064,8.76244416873449
10:51,9.47242868179041,2.187879987744415,10.456209677419356
10:52,8.77275341293904,1.2509455756003791,9.133939205955336
10:53,8.51643720637803,-0.05139169364685614,9.93989454094293
10:54,7.679458843984723,-0.15010967619780446,9.17171836228288
10:55,7.804349697635543,0.0558100377978179,8.787630272952853
10:56,8.52470157553955,1.1771523723651285,8.781333746898262
10:57,8.02891223196902,2.565435931663468,7.603883374689826
10:58,8.142649287359273,2.7609991193611734,7.603883374689826
10:59,9.544913937818345,4.53142017833541,6.753852357320099
11:00,8.81034376046458,5.52059922383498,7.106457816377171
11:01,10.001714081348561,4.238790337963409,7.515732009925559
11:02,7.0663047025384955,3.2206638436988193,7.452766749379652
11:03,10.833212641428862,1.7247317188981963,8.000564516129032
11:04,8.011226122572733,1.6249138954250393,9.008008684863524
11:05,7.866700152647178,0.22255369507761236,9.008008684863524
11:06,9.103408738629115,0.2932421317751266,8.712071960297767
11:07,7.159975351647193,0.5873988613910046,9.455062034739454
11:08,9.592337065175387,1.6163496466591516,8.84429900744417
11:09,10.764854864275925,2.7703401418016007,9.266166253101737
11:10,,4.371450211502173,9.316538461538462
11:11,8.313604975078917,,
11:12,8.793814481458314,4.928239537948338,8.20205334987593
11:13,8.895565725651608,4.0135101172877645,7.471656327543425
11:14,,3.276757047030073,7.3646153846153855
11:15,8.38153702220087,,7.641662531017369
11:16,7.009796085318375,2.0650921123678225,7.629069478908189
11:17,8.43493004194719,0.6306875520130526,9.001712158808935
11:18,7.232823102499417,0.3150797670992733,8.989119106699752
11:19,8.134395166704376,,9.795074441687346
11:20,7.708932745234202,1.3317367260556479,9.322834987593053
11:21,7.5239290815327875,2.047095145199169,9.316538461538462
11:22,5.8416720467730014,3.6043452891616523,8.903602251434322
11:23,,4.129300454754786,7.817965260545906
11:24,7.138029678412463,4.566333810903687,9.606178660049627
11:25,7.910373349218024,4.12102397400506,9.486544665012408
11:26,8.803824861625422,3.7398024884266823,7.622772952853598
11:27,,,7.792779156327542
11:28,8.115292263720672,2.14367937723162,8.926153846153845
11:29,9.037751251627194,1.2996781356851042,6.753852357320099
11:30,8.1659709282658,1.2751077580586625,7.817965260545906
11:31,8.329522859752723,0.35655889304504385,7.2009057071960285
11:32,8.565399146050812,2.3209052096072824,
11:33,12.044401319688513,1.7031666370432461,8.479100496277916
11:34,7.191678442580427,,9.247276674937964
11:35,10.514403993301316,4.430613684609233,9.832853598014887
11:36,6.945642415633962,5.018414884205667,10.185459057071961
11:37,9.62577835017471,5.582750896694483,10.449913151364765
11:38,10.568823783391249,3.16049914869528,10.424727047146401
11:39,6.897736013272289,,9.366910669975187
11:40,9.233146053658466,1.629988429652908,9.769888337468984
11:41,8.217899252555643,1.1879869700084602,8.573548387096773
11:42,,1.671637653012204,8.693182382133996
11:43,12.807610026848185,0.49025802734709156,7.87463399503722
11:44,6.065646537727552,1.1729013716083485,7.263870967741935
11:45,10.942864198986767,,7.484249379652605
11:46,9.434416479191896,3.6808070568184412,8.84429900744417
11:47,7.221654128719184,4.881243025880714,8.416135235732009
11:48,9.632396158443761,4.615920614717703,8.611327543424316
11:49,7.041898389741566,4.752588186283181,9.750998759305212
11:50,8.718867055534266,4.8663030064899555,11.318833746898264
11:51,8.143580134603031,,10.789925558312655
11:52,9.553693869227535,,9.977673697270472
11:53,10.406300893955828,1.4715081031268138,9.398393300248138
11:54,8.612321417754554,,10.317686104218362
11:55,7.149693120523923,0.5915999952271398,9.405450953801008
11:56,7.726804517628242,2.5370793605703934,9.348021091811413
11:57,8.493261422675612,4.45433682227609,9.392096774193549
11:58,10.120467579006345,5.655363444455805,7.465359801488834
11:59,8.571464431496686,6.279355547716829,7.068678660049628
12:00,9.85134430455373,7.084730448042615,7.030899503722084
12:01,9.552879983409502,6.6013584133922105,7.4905459057071955
12:02,9.517367871219435,4.774374169798688,8.170570719602978
12:03,9.275559068076427,4.8741280110243,
12:04,7.458474959707244,3.958160242615553,8.53576923076923
12:05,6.908594556782928,2.9684288511892944,10.210645161290323
12:06,8.855546225836802,3.060923402005556,10.437320099255583
12:07,8.817354473956037,3.016340058116586,10.223238213399505
12:08,10.113789819092943,4.967952745106174,9.423579404466501
12:09,8.357254132541886,5.464741256371115,7.149985286200411
12:10,9.121911078827523,6.194135565764741,9.933598014888338
12:11,,7.447802158252225,9.927301488833747
12:12,4.315491352786838,7.9179082838180435,7.641662531017369
12:13,10.423174382954047,,7.805372208436724
12:14,8.09754588506692,7.287912918521503,7.780186104218361
12:15,9.855621337216954,6.079369488491766,7.9564888337468975
12:16,6.926756416736729,5.138569036915806,7.87463399503722
12:17,9.17963977796689,,7.811668734491315
12:18,7.654177321965637,3.495298233539568,8.907264267990074
12:19,9.226988322614508,3.9823844089093194,10.040638957816377
12:20,8.411280637825278,5.023774125928946,10.261017369727046
12:21,9.828706103591374,6.468579387468369,9.996563275434244
12:22,10.426163252870348,7.367126673533367,10.550657568238213
12:23,8.750755712778702,7.587679886069957,10.361761786600496
12:24,9.659570984678204,8.399250513475948,9.795074441687346
12:25,8.111571959968666,7.950309575663814,9.990266749379652
12:26,8.902925064515266,7.762516965712079,9.115049627791564
12:27,5.804520497374597,,7.414987593052109
12:28,7.345610771569921,5.256120959581583,7.030899503722084
12:29,9.520956309068108,,7.452766749379652
12:30,,4.657528918432661,7.679441687344912
12:31,7.439709862693111,,7.880930521091811
12:32,10.705564835789556,,7.685738213399503
12:33,8.36210446605196,6.1531305984715186,7.452766749379652
12:34,6.970269404712667,7.030051562737041,9.272462779156328
12:35,9.198110823037146,7.787283508956472,12.113466224169498
12:36,3.7388366333625256,8.260845851569998,10.160272952853598
12:37,8.516399860969681,8.404376916719906,10.399540942928041
12:38,7.828872932837271,7.469653893203281,9.266166253101737
12:39,9.647729560216913,6.319170497586503,10.93474565756824
12:40,,5.3194693478598385,8.208349875930521
12:41,,4.50573089041514,8.573548387096773
12:42,9.496919334299385,4.651636117703984,8.327983870967742
12:43,9.188684062335495,4.839006938876785,8.674292803970223
12:44,10.381992745576483,6.082517111505668,7.64795905707196
12:45,8.07622308514217,,8.139088089330025
12:46,,7.180349090215911,8.120198511166253
12:47,7.961494469183091,7.841136588464622,8.926153846153845
12:48,7.538370323665989,9.46925449374079,9.795074441687346
12:49,10.900251108719162,,10.456209677419356
12:50,9.988600227503827,7.174245233427895,11.224385856079405
12:51,10.605737322437717,,10.720663771712157
12:52,7.614430966739841,5.38100199213928,10.122493796526056
12:53,8.568846480897093,4.830929550686645,11.18031017369727
12:54,11.028689606955956,4.351885939582879,10.449913151364765
12:55,7.193319241114433,4.571346721819275,9.983970223325063
12:56,6.849241900988482,5.480613742849963,9.089863523573202
12:57,9.685248285258979,6.642923476292378,8.831705955334987
12:58,10.688610612305101,7.606834013353634,7.276464019851117
12:59,6.64494272684441,8.319399978726112,7.484249379652606
13:00,7.671407474836816,8.741817321150979,7.320539702233251
13:01,10.13969499086117,8.680084527178625,7.836854838709677
13:02,10.604154951170157,7.617545279133644,8.793926799007444
13:03,11.583720746516484,7.103752756585923,9.127642679900745
13:04,7.66623491886568,5.678045161960931,9.549509925558313
13:05,5.522389287280486,4.053436917892344,10.216941687344914
13:06,6.641940088168046,4.501515643678956,10.884373449131514
13:07,6.407570234564357,4.174511214909074,10.85289081885856
13:08,9.401389102281303,4.8277366274494184,10.997710918114143
13:09,7.588583734248898,6.869419762411615,9.599882133995036
13:10,9.35676440658518,,8.819112903225806
13:11,8.30015650249756,8.687786708935922,8.416135235732009
13:12,9.047659949698993,,8.592437965260546
13:13,9.801143444447836,8.560673197439973,7.339429280397022
13:14,9.046897660972407,,7.786482630272953
13:15,8.614406438048889,6.475705660789492,7.824261786600497
13:16,8.51681524847973,,8.592437965260546
13:17,7.228364692361432,4.807248190915847,8.724665012406948
13:18,8.243117304506317,3.912408396045194,9.587289081885858
13:19,6.9682879195097005,4.057340486276171,10.261017369727048
13:20,9.006681105381867,4.730933226853006,11.243275434243177
13:21,10.185713643540037,,10.556954094292804
13:22,6.777111994426912,8.19882134742702,11.07326923076923
13:23,6.629429383785407,7.885128262092939,11.098455334987593
13:24,7.540649812826663,8.340480827347754,9.870632754342433
13:25,9.267351413834556,8.978718689987605,9.30394540942928
13:26,9.097742869148833,,9.096160049627793
13:27,8.241802888201885,6.047351025632532,8.548362282878413
13:28,,,7.414987593052109
13:29,8.111564068576438,6.756577771173628,7.616476426799007
13:30,9.852988696898038,4.601932938007979,7.943895781637718
13:31,7.803888772497303,5.06640552509156,7.761296526054592
13:32,8.238129258018603,5.63689277676988,9.064677419354839
13:33,5.321908980889593,7.157912760627042,8.819112903225806
13:34,10.791532057607084,,9.971377171215883
13:35,8.553152387535905,,10.116197270471465
13:36,7.057471276663895,7.985069063838322,10.74584987593052
13:37,8.46281653456641,8.078657728182023,10.431023573200994
13:38,,7.0386167284341905,11.20549627791563
13:39,9.107595448795378,6.183279273256822,10.94733870967742
13:40,,,9.536916873449131
13:41,7.454907301805081,4.585500279727043,10.128790322580645
13:42,8.87038466419307,3.8631140124641217,9.033194789081888
13:43,6.034811046080996,3.609267574079208,9.014305210918113
13:44,7.326770964350523,5.5075319743073194,7.584993796526055
13:45,10.61311676695616,6.788788486387771,7.610179900744416
13:46,,7.428212975977486,8.74985111662531
13:47,9.089430447864347,7.669460416699778,9.436172456575683
13:48,8.102426953320936,,10.103604218362284
13:49,8.594562191945188,7.422340869186751,10.449913151364765
13:50,5.891769222795024,7.342268644877418,10.153976426799009
13:51,,6.762871056343748,10.941042183622828
13:52,8.711365082396686,4.836270367340981,11.262165012406948
13:53,9.796171120804077,4.092153799464562,9.9587841191067
13:54,6.841565881087085,4.382687078029647,8.724665012406946
13:55,9.495048890696026,4.885581231266355,9.675440446650123
13:56,8.21856684668539,4.419859423741019,10.059528535980148
13:57,7.244856212542633,6.256666592549889,9.832853598014887
13:58,9.541917462694363,,8.64910669975186
13:59,,8.344993956099731,7.855744416873449
14:00,9.181959674254971,,8.340576923076922
14:01,7.720368669272645,7.9065547746041,8.479100496277916
14:02,9.228040757877606,7.72661693880678,8.86318858560794
14:03,8.454118552578802,5.829248602470413,8.510583126550868
14:04,12.524025568294574,,9.839150124069478
14:05,8.244950996826256,3.785986574686654,10.670291563275434
14:06,10.121209725340025,,
14:07,11.830199862585213,4.468861182572237,10.682884615384616
14:08,11.38915585876765,4.9497997184358775,7.398544858144871
14:09,6.829005147807598,5.451486175873999,10.103604218362284
14:10,7.255551246264758,7.534614000128759,9.73840570719603
14:11,7.276860985727348,7.234481488135653,10.323982630272953
14:12,8.484826964539302,8.134882961629616,9.07097394540943
14:13,8.625572476679213,7.195277893006107,8.831705955334987
14:14,9.282442647391582,7.766823640451069,8.057233250620348
14:15,5.221586260694675,,7.906116625310174
14:16,6.203863435301266,4.63225693999111,8.680589330024814
14:17,11.457763496713671,4.967145386384125,7.868337468982631
14:18,8.459195670171985,3.057458820620763,12.181231353732105
14:19,5.033413544841939,4.878491799142377,10.059528535980148
14:20,8.271018398154196,4.868147554482258,11.299944168734491
14:21,9.049925897828844,,11.054379652605459
14:22,7.813756352907943,6.70865480680494,11.589584367245658
14:23,10.463509549690256,7.72755856231416,10.40583746898263
14:24,7.797865724045637,,9.870632754342433
14:25,5.677620608098785,7.973158057925129,11.048083126550868
14:26,11.675949803085242,6.682567247112084,9.870632754342433
14:27,8.899282541711354,5.4819361263973505,9.669143920595534
14:28,7.4279040912303005,5.305077895418897,9.215794044665012
14:29,8.297461063902787,,8.781333746898262
14:30,8.584175728185112,3.9002538670116635,8.529472704714639
14:31,6.995429653378644,4.532479440489747,8.926153846153845
14:32,7.287599196703963,4.449919126119858,9.234683622828785
14:33,7.68767103290572,,8.926153846153845
14:34,9.270687195634853,7.410737447955398,12.481061889365012
14:35,9.931790537774043,7.921610642947721,10.437320099255583
14:36,,7.730101919331428,10.95363523573201
14:37,8.930838427658502,7.484032092862135,10.493988833746899
14:38,7.838862812382738,7.208348240360053,
14:39,8.043630450969978,5.200471698489398,9.38580024813896
14:40,9.172390585429401,4.36800645287577,10.73955334987593
14:41,9.947069357209315,3.5553421711127156,10.059528535980148
14:42,6.650551080372191,3.564465108771997,10.601029776674938
14:43,7.911973514028462,3.877162404843806,8.85689205955335
14:44,4.034596506006619,4.701757092816516,8.567251861042184
14:45,7.107746898449505,5.258990692494634,8.0887158808933
14:46,9.70019888003048,6.71513358716625,9.026898263027295
14:47,7.908521169068383,7.68073204589056,9.669143920595534
14:48,6.081685277294119,,9.681736972704716
14:49,,7.562218710349487,11.558101736972704
14:50,9.184828021738758,6.254151931821182,11.362909429280398
14:51,9.640265891124699,5.2318737594820615,10.859187344913153
14:52,6.568881789433899,,11.576991315136477
14:53,7.113396387686807,3.8071006091468718,11.306240694789082
14:54,9.022672806560843,4.162131424750071,10.865483870967742
14:55,,,10.714367245657568
14:56,7.289808475405409,4.369951429539563,9.933598014888338
14:57,8.403676757844696,5.503388295355714,9.07727047146402
14:58,8.957702604217399,6.491616892964238,9.07727047146402
14:59,6.925674864200514,,
15:00,7.394098832744715,7.668781229406456,8.667996277915632
15:01,8.810624467294163,,8.189460297766749
15:02,7.975274000998375,6.639828709308784,9.669143920595534
15:03,8.374952637053372,5.493715897725943,10.689181141439205
15:04,5.119442676200392,3.877926247332578,11.362909429280398
15:05,9.429283339865005,3.500026511226382,10.909559553349876
15:06,8.64419492869197,2.403438537529797,11.608473945409429
15:07,5.437592910440993,3.1205581075477538,10.689181141439205
15:08,8.491940753811052,3.624739828785236,11.098455334987593
15:09,8.653460669285,5.718447321566174,10.462506203473946
15:10,10.09746759983997,2.6908000007398147,
15:11,8.35197763925657,6.799251129461878,10.261017369727046
15:12,6.93163844237944,,9.492841191066997
15:13,9.866571959475008,7.501522711975646,9.240980148883375
15:14,9.165407607074988,5.895606563908979,8.97652605459057
15:15,5.982742723105652,5.159411060131972,8.258722084367246
15:16,9.411220131264674,4.208107048933696,9.240980148883375
15:17,10.279399120868241,3.3854940931598696,10.985117866004963
15:18,5.917251615859224,,11.048083126550868
15:19,,2.8951170300409625,11.123641439205954
15:20,7.028361039568854,3.956680897504544,11.18031017369727
15:21,6.290703281991485,5.907415274569734,10.796222084367246
15:22,6.693636987878572,6.262969132576584,12.011451612903226
15:23,8.24132956669376,7.151526525328148,10.475099255583128
15:24,11.429540193676361,8.926138735632993,10.550657568238215
15:25,7.096930762916886,6.862311465824687,10.796222084367246
15:26,5.918487639991414,6.472818835648949,10.021749379652606
15:27,8.310568610838626,5.722887724572452,10.109900744416874
15:28,,3.1376748886638985,9.417282878411912
15:29,8.092973054760161,3.0360185541373337,8.730961538461537
15:30,4.999864989382466,2.4936748668316557,8.189460297766749
15:31,,3.716869013152939,8.378356079404467
15:32,,3.4473626146858187,8.560955334987593
15:33,9.11910244405586,5.280477136327535,9.618771712158809
15:34,7.690139990305858,7.327592939353437,10.777332506203473
15:35,7.593307875301913,7.220395528095619,11.085862282878413
15:36,,6.987970812341237,11.199199751861041
15:37,,6.870063319522396,11.381799007444169
15:38,7.999201847837106,5.27630102880566,10.323982630272953
15:39,9.590165623615814,4.871185273057041,11.180310173697269
15:40,9.18367999720901,3.889762958698822,11.092158808933002
15:41,,2.4119551632398855,10.50028535980149
15:42,7.355091830964853,2.918452998839019,10.06582506203474
15:43,10.41706482286127,,8.97652605459057
15:44,8.616334269158783,4.24128638409897,9.152828784119107
15:45,4.668237859304339,,
15:46,,5.331071958641564,9.750998759305212
15:47,7.311020894764267,,9.30394540942928
15:48,8.262523998566676,,11.665142679900745
15:49,8.020433695419447,6.411478245719346,
15:50,5.789317780639611,6.101316755793873,10.563250620347395
15:51,8.870641322525719,4.594407595196908,11.17401364764268
15:52,8.276704060773678,1.3472514080522293,11.854038461538462
15:53,7.793617163335095,2.8824439020672568,11.30624069478908
15:54,8.85577183129064,2.359976930182688,11.488839950372208
15:55,9.782931849396462,,10.802518610421835
15:56,,,10.279906947890819
15:57,9.419024829590203,5.290206919086838,11.224385856079405
15:58,,5.596644303554184,9.171718362282878
15:59,8.341012065824824,6.977309690435829,8.453914392059552
16:00,9.584889998000198,7.238647515864082,8.693182382133996
16:01,6.567339918836173,7.044020132942023,8.378356079404465
16:02,,4.884310522976405,10.670291563275434
16:03,6.380038719625437,5.722073452304805,11.016600496277915
16:04,8.604874728157306,3.0793260354350904,11.40068858560794
16:05,7.331916100517982,,9.467655086848636
16:06,9.528034730840313,2.296851151987627,
16:07,8.309018632549037,2.4720536581885124,11.684032258064516
16:08,9.550777972270678,3.9549571794096243,12.408132754342432
16:09,5.705820885958517,4.970418049724568,11.06697270471464
16:10,6.628214980947455,5.667815852468621,11.350316377171216
16:11,7.836773973164884,,10.311389578163771
16:12,8.827999017320767,,10.556954094292804
16:13,,5.780444417479309,9.159125310173698
16:14,,5.356736869843198,8.623920595533498
16:15,7.8297883520029,3.9333400267424405,9.442468982630274
16:16,5.8232297488966,,9.902115384615385
16:17,8.119840079434518,1.797020552686945,9.606178660049627
16:18,6.574762913206517,,10.714367245657568
16:19,6.304405056002877,,11.61477047146402
16:20,7.605999066423749,1.8601168231513951,10.30509305210918
16:21,8.906998057148389,3.6060318952163133,11.803666253101737
16:22,7.225983975119292,5.820546729945804,11.451060794044665
16:23,7.089606210175758,5.67483225577876,11.148827543424316
16:24,7.7928912740898255,6.46215591488231,9.486544665012406
16:25,7.964839293869202,6.9629301290805365,10.682884615384616
16:26,4.594737156046845,5.691008701744806,10.204348635235732
16:27,,4.46939311153909,10.191755583126552
16:28,,2.466579347858641,9.379503722084369
16:29,9.460588522197217,2.2502827375906556,8.730961538461537
16:30,9.65943868470263,3.041330054175993,9.348021091811413
16:31,7.812372728329335,2.3264523157596724,9.996563275434244
16:32,9.266317333176062,4.669698431369025,10.368058312655087
16:33,5.7167909699676365,,10.17916253101737
16:34,8.216716512049452,4.885292131514984,10.51287841191067
16:35,,6.580448886246382,12.83
16:36,8.132600390958633,6.2283909933520984,12.011451612903226
16:37,6.60533962044857,6.334849528927512,12.609621588089329
16:38,8.085409813984548,,11.797369727047148
16:39,6.782167859848129,4.111432870353561,9.694330024813897
16:40,9.527454235135366,,10.487692307692308
16:41,5.956581482319059,2.479775570223852,10.50028535980149
16:42,9.675112243391112,1.6553544020066866,9.354317617866005
16:43,9.026372136593917,1.9414876678074897,9.536916873449131
16:44,8.417802543097348,3.5337857937106305,8.686885856079405
16:45,7.436522297209796,4.19427576506935,10.462506203473946
16:46,5.6106100585080965,,9.870632754342433
16:47,7.906467012407883,6.763440295482759,10.783629032258066
16:48,5.959193793141273,6.413618635040386,10.63251240694789
16:49,5.215776800260173,6.78872855272512,11.054379652605459
16:50,6.197269005168594,5.16393178502457,11.608473945409429
16:51,9.657082020439042,4.29382088089627,11.696625310173697
16:52,,3.465618084054496,11.639956575682382
16:53,9.44953377574883,2.663036505334502,12.471098014888337
16:54,12.229273973132733,2.1064934605639607,10.468802729528537
16:55,7.072823229461356,,9.85174317617866
16:56,6.205576886608244,3.7793203791441803,9.473951612903226
16:57,10.143307793892694,,9.196904466501241
16:58,,5.815089426372493,9.07727047146402
16:59,,6.012109949161298,9.417282878411912
17:00,3.908909536892031,6.740941104383834,9.146532258064516
17:01,,5.621370574565704,10.29879652605459
17:02,6.36135224135261,,9.694330024813897
17:03,8.918784712376569,4.379139509765346,10.39324441687345
17:04,7.958075123917827,3.4758536177758366,10.078418114143922
17:05,11.178231398186535,-1.6333368412811975,11.86033498759305
17:06,7.603413279034578,1.820760098960828,11.935893300248138
17:07,6.778584231499543,2.8948442227421802,11.438467741935483
17:08,8.044833620586807,3.0586956635782636,11.765887096774193
17:09,5.209927433005277,6.531787172696556,11.28735111662531
17:10,8.460656802722893,,11.72810794044665
17:11,5.178133356452103,5.862707670415727,10.128790322580645
17:12,,5.893958375439027,10.896966501240694
17:13,8.60339380024303,5.324019573595425,10.059528535980148
17:14,7.569695218112953,5.479098802530018,9.813964019851117
17:15,,3.0704208013982726,10.028045905707197
17:16,,,
17:17,,2.286068588973704,8.529472704714639
17:18,10.456265406849734,1.6010360657496623,10.002859801488833
17:19,13.407145610323921,2.353100524004378,9.215794044665012
17:20,14.501898246508183,3.3236991659148334,10.015452853598015
17:21,15.640000000000002,3.7588395858192944,12.659993796526056
17:22,11.722122368663808,5.090668016254708,11.576991315136477
17:23,9.263847493147551,6.563375767486127,10.73325682382134
17:24,10.838145730487883,6.765493157479741,10.87178039702233
17:25,11.908544579379338,6.2121266014820655,11.444764267990074
17:26,11.99857531526872,4.7734461202009015,9.052084367245659
17:27,14.213697082686918,4.363391323635422,9.089863523573202
17:28,,2.590079627845209,9.688033498759305
17:29,,2.2881911798819896,9.253573200992555
17:30,11.259663032999017,1.873469314248429,9.001712158808933
17:31,12.366328020506943,2.1347662978956166,9.398393300248138
17:32,15.266060489085891,2.463771346911698,11.211792803970223
17:33,,,9.606178660049627
17:34,,,10.714367245657568
17:35,13.611489760549544,,11.369205955334987
17:36,14.19733834752602,6.3741612905937615,
17:37,12.667879903057964,7.461048603677552,14.307992906666437
17:38,9.864584949804344,5.132542129981869,11.923300248138958
17:39,12.18711870520436,,10.594733250620347
17:40,12.580601822764724,3.117494450122477,
17:41,11.429912939776091,1.6898903297595655,9.643957816377172
17:42,15.685383118767565,1.9632109632237604,10.06582506203474
17:43,10.176744917110277,2.778873042105361,10.399540942928041
17:44,12.934769498350605,3.269358314068459,
17:45,11.92270184070036,3.775751758356428,8.724665012406948
17:46,13.211765321200899,5.467650191288497,9.662847394540945
17:47,12.766119750039124,6.298612931318264,9.505434243176179
17:48,10.600620240761735,6.038787741635629,10.418430521091812
17:49,9.59516978519429,5.911467976690574,12.458504962779157
17:50,12.38795973601059,5.072021553505579,11.74070099255583
17:51,12.607101744075518,4.499938089944369,11.765887096774193
17:52,12.940220175611127,5.359603373866886,10.638808933002482
17:53,10.759369210719699,1.3079226891427203,11.797369727047148
17:54,11.441187439598842,1.5216836117351704,11.129937965260545
17:55,,2.58368038505576,10.941042183622828
17:56,11.674925422100417,2.3678572435674576,9.813964019851117
17:57,15.388887782761573,3.887918962177759,9.07097394540943
17:58,11.796958138184618,5.480516665747105,9.776184863523573
17:59,,5.346134227559316,8.220942928039703
18:00,12.932522077117266,7.016521255498779,8.365763027295285
18:01,11.34968406466816,6.485383783003272,8.277611662531017
18:02,13.118190164395532,4.23356313046091,9.417282878411912
18:03,11.67753966456182,4.255300491787266,9.505434243176179
18:04,13.676100891780349,3.2254975290516894,10.871780397022333
18:05,,,11.035490074441688
18:06,10.608631034369557,1.8599421091490278,10.368058312655087
18:07,,2.2058741941774134,10.726960297766748
18:08,,3.341965681615349,10.06582506203474
18:09,12.115771531783384,3.7957380504790335,11.331426799007444
18:10,12.084013957726615,,11.016600496277915
18:11,13.169022910984753,6.2855044481957965,10.846594292803971
18:12,10.575994671218957,5.947686545580618,9.240980148883375
18:13,,6.278280435191059,9.259869727047148
18:14,13.364772708095572,5.7631141556292835,8.233535980148885
18:15,14.788257459649044,4.109258479918362,9.140235732009925
18:16,11.915392891261586,,8.40983870967742
18:17,13.214584488575413,2.233922358593831,8.86318858560794
18:18,10.317646460161631,1.9565072008816413,11.28105459057072
18:19,12.598083845116117,1.2995435711095595,10.185459057071961
18:20,10.563249769750449,2.9487786968470795,9.939894540942928
18:21,12.483964480550544,4.249689301104496,10.330279156327544
18:22,13.254242673661892,5.679060461157221,11.06697270471464
18:23,11.592153257454903,5.841337877515635,11.394392059553349
18:24,11.605802923941921,,10.481395781637717
18:25,,6.897959820597237,10.298796526054591
18:26,10.91187950079797,5.072326247915504,9.152828784119107
18:27,13.58857796003851,3.3065986128830875,8.277611662531017
18:28,,2.7370872688738777,9.039491315136477
18:29,7.49144117905656,2.5124768308819148,8.353169975186104
18:30,13.36142588968574,1.657963908931059,8.705775434243176
18:31,11.926823367194276,2.781303847000447,8.327983870967742
18:32,11.302969917665328,3.8200340910274875,9.001712158808933
18:33,10.992804317826987,4.22098645094044,9.599882133995036
18:34,9.541732123710885,4.506259022838623,10.544361042183624
18:35,12.515156518924492,5.890491789883962,11.022897022332506
18:36,10.927240809415336,6.339919000213612,10.997710918114143
18:37,10.01223616585015,5.910982819495741,10.884373449131514
18:38,11.167933058946884,6.076820304446887,10.663995037220843
18:39,12.87649865588291,3.6750124637722354,9.757295285359803
18:40,11.757570675381462,3.409495128149808,11.205496277915634
18:41,10.821192310109126,2.930481849305454,10.468802729528537
18:42,12.571283279353096,1.853957420038113,10.588436724565756
18:43,12.995804382080873,1.8431004795986219,9.902115384615385
18:44,10.801897027729892,2.8416559540565514,8.220942928039703
18:45,12.449866548308647,4.017575053544225,7.931302729528536
18:46,12.177125573533115,4.882721597846288,9.618771712158809
18:47,11.700733426701554,6.332181952008886,8.132791563275434
18:48,11.44102813160568,,9.272462779156328
18:49,14.037794692826989,5.578643375918654,10.531767990074442
18:50,10.05710936019445,5.234665644373787,10.796222084367244
18:51,10.824304790893228,4.379450606331329,10.342872208436726
18:52,12.488304691586613,2.955757285409237,10.991414392059554
18:53,10.595626375001551,2.780710791775803,11.243275434243177
18:54,12.342219761383777,2.6426312355802697,10.764739454094292
18:55,11.891229974691031,2.0110326632478284,9.234683622828785
18:56,8.465125343474345,3.1292076229483543,8.86948511166253
18:57,11.234855553023332,3.964246446003245,8.53576923076923
18:58,,5.185834917804801,7.925006203473945
18:59,11.70067151015147,5.522855715871275,7.950192307692307
19:00,13.312728234087588,6.5311438484703075,8.290204714640199
19:01,12.685917150458375,,7.817965260545906
19:02,9.59908985297223,5.10718749953114,12.021048400701833
19:03,12.551284881366607,4.334102149773281,9.064677419354839
19:04,12.40772834465413,3.27941202365062,11.035490074441688
19:05,11.519644723691925,2.597663849754989,11.281054590570719
19:06,11.993383507764715,2.3244577441695133,11.104751861042184
19:07,9.741089485309296,2.519994282404439,10.091011166253102
19:08,8.771239122697152,3.0559336458263333,10.878076923076923
19:09,11.478655116444028,3.72024886893188,9.971377171215883
19:10,13.069486260787992,5.916444940951889,10.94733870967742
19:11,12.024185814677315,,9.94619106699752
19:12,12.195642273833759,6.683086443795956,9.178014888337469
19:13,10.321705890321315,6.1802763623959915,8.170570719602978
19:14,12.553613334023106,6.07739696093571,8.334280397022331
19:15,12.118483512517015,4.6795807672973755,8.485397022332506
19:16,14.021694997676484,3.9130762356357724,8.346873449131513
19:17,11.208205270099247,2.24994801565271,8.403542183622829
19:18,12.555471677208525,1.9913368904505981,9.63766129032258
19:19,9.815356236740545,,10.424727047146401
19:20,13.119807681630148,3.546223372421265,11.83514888337469
19:21,12.23040416425277,3.893375270207482,10.821408188585606
19:22,7.236959026982013,5.411020495890865,9.820260545905708
19:23,11.342488350039968,6.777459482690569,10.223238213399505
19:24,,6.154559497971034,9.74470223325062
19:25,13.889928684186867,5.887163577918235,11.92686342831183
19:26,10.854651473392751,,9.580992555831266
19:27,10.63438800102337,3.400322334222418,8.340576923076922
19:28,12.581908559453897,,8.86318858560794
19:29,10.502646967686141,3.306077384363981,7.742406947890819
19:30,10.931023958906277,2.352178245234681,7.817965260545906
19:31,11.573990683877327,3.309916321264181,7.717220843672456
19:32,9.16362059322167,3.6149702100249437,9.247276674937964
19:33,10.615217864553248,4.932969711783639,9.083566997518611
19:34,12.25810930452797,,10.109900744416873
19:35,8.581963722466996,6.361425012618749,10.254720843672457
19:36,10.91994359162453,6.1912116093810265,10.091011166253102
19:37,,,9.51173076923077
19:38,12.019947651130872,5.695217782417894,11.07956575682382
19:39,11.948396060432696,4.836156445179259,11.180310173697269
19:40,12.747610923239009,3.3247779324761986,10.279906947890819
19:41,12.481450805918831,3.054057931010165,10.821408188585606
19:42,12.553052410456594,,9.247276674937964
19:43,9.809673145773651,1.4723919918548356,7.572400744416873
19:44,12.170811686698565,3.2183131580162003,7.566104218362282
19:45,10.582383520000072,4.957897325842164,9.052084367245659
19:46,10.657361979152265,5.544854127381591,7.931302729528536
19:47,8.74417255988395,6.616964430001191,11.123641439205954
19:48,,6.679316934271512,9.410986352357321
19:49,,6.177207172337965,10.141383374689827
19:50,11.492872463156068,5.882634373956417,9.763591811414393
19:51,13.485061182287104,4.192351501527452,9.373207196029778
19:52,12.261832243592474,3.7504231501415397,9.28505583126551
19:53,11.870060358099837,2.9598908781461644,10.51917493796526
19:54,18.107463237483806,1.9185715924784432,10.072121588089331
19:55,12.046011261101194,3.043794540092315,9.85803970223325
19:56,14.844701509495518,,9.448765508684865
19:57,12.002650924443325,,8.7561476426799
19:58,11.433831406868123,5.563310897390005,7.553511166253102
19:59,10.606248424282274,6.68202822907652,7.5409181141439205
20:00,12.962346337331509,7.609923978640474,7.63536600496278
20:01,12.761597428094898,,8.290204714640199
20:02,10.946205219157475,6.111644176901832,7.868337468982631
20:03,12.739470636304151,4.943879718752954,9.417282878411912
20:04,12.112902739910034,3.2297494365616766,9.240980148883375
20:05,8.619736648183117,3.419029351668933,9.423579404466503
20:06,13.804666656258535,,9.807667493796528
20:07,11.44313505241979,3.277090870407714,10.153976426799009
20:08,,4.188024539531431,9.593585607940447
20:09,11.927626759200809,4.9932090738954065,10.028045905707197
20:10,14.030002811430258,,10.210645161290323
20:11,10.323753951521812,6.906190318389601,9.159125310173698
20:12,10.564475334126742,6.816703644944356,8.032047146401984
20:13,11.695354911519875,6.889477821287759,9.30394540942928
20:14,11.589600747640942,6.144169279713269,7.616476426799007
20:15,11.558683825993722,4.684422628898862,7.63536600496278
20:16,,,7.912413151364763
20:17,11.950664469925904,3.299326364060895,9.499137717121588
20:18,13.890071853844631,,10.021749379652606
20:19,12.502396504059703,3.83327676549707,10.204348635235732
20:20,10.190833756822705,3.6627357112836263,10.336575682382133
20:21,11.888686925254516,4.773106817660667,10.60102977667494
20:22,11.972894652548398,5.769022745114377,11.117344913151365
20:23,11.452359629264219,5.83348310800834,
20:24,9.605593742048855,7.340171550553617,9.952487593052108
20:25,9.005403633525832,6.053467750697145,10.51287841191067
20:26,13.535486361671966,5.7538916714368415,8.460210918114145
20:27,10.971926261535032,4.476467377480578,8.30279776674938
20:28,11.237989201114193,3.1229991961896806,7.792779156327542
20:29,12.627336841087358,3.386328727795063,7.786482630272953
20:30,12.672101787261733,2.933655697952931,8.989119106699752
20:31,11.68505284067234,,7.622772952853598
20:32,13.302896135913524,,9.28505583126551
20:33,11.52269109714133,5.502774883082614,9.51802729528536
20:34,10.70249476123644,6.259635604535957,9.889522332506203
20:35,12.67655727225859,7.430524374457441,9.74470223325062
20:36,10.68770068266093,7.16321223970688,9.38580024813896
20:37,10.053600502868463,,11.469950372208437
20:38,9.212221126967858,5.571948554225974,11.866631513647643
20:39,11.991411654869744,5.097724296075964,10.556954094292804
20:40,12.663344502909423,,9.876929280397022
20:41,9.913491264700651,7.549283045973047,8.781333746898262
20:42,12.018991719580502,5.842109754780825,9.650254342431762
20:43,12.003621874625486,3.3565949553212526,7.1379404466501235
20:44,12.43642608738225,4.077318616594157,7.3646153846153855
20:45,8.610758413028265,4.831964073314264,7.402394540942929
20:46,10.00800121830389,6.216653009437707,9.568399503722084
20:47,9.13272023984326,6.7744180839784445,9.990266749379652
20:48,12.32719383638441,7.051129444037166,8.378356079404465
20:49,12.194976578830627,8.008546408022257,9.757295285359803
20:50,12.943691780213673,6.50031615766477,9.782481389578164
20:51,12.18487647971994,,9.750998759305212
20:52,10.734401401044053,4.14889027451125,10.223238213399505
20:53,9.782066211129749,3.5006102590180026,9.562102977667495
20:54,9.532349479350495,3.3570791577256625,9.864336228287842
20:55,11.812325281373171,3.5054755209461916,10.141383374689827
20:56,12.510283179236588,3.4938822400755125,8.529472704714639
20:57,12.571058284397738,5.378369859242852,8.573548387096773
20:58,14.298728882314363,6.857884099542048,7.027993648154312
20:59,12.583751974455392,7.308897805521466,8.283908188585608
21:00,10.55998975659182,7.663722516785917,7.320539702233251
21:01,11.497856370430176,7.346069062482574,7.062382133995037
21:02,11.932622293426654,,7.981674937965261
21:03,11.833451114824372,6.857992139640673,8.132791563275434
21:04,11.493157928762809,3.908407620996938,9.675440446650123
21:05,10.638562600149259,,8.724665012406946
21:06,9.6024327478638,3.7400926198301114,10.204348635235732
21:07,14.259431345474676,3.9435010820529346,11.344019851116625
21:08,10.340278810175416,5.507844882568632,8.680589330024814
21:09,10.460449587048098,5.629216050224295,9.63766129032258
21:10,12.372258072086357,6.293830795845576,9.713219602977667
21:11,13.148358735021977,7.560978164435875,8.76244416873449
21:12,9.642310583267703,7.913204050864643,9.222090570719603
21:13,11.965037198518196,7.129985551171602,7.263870967741935
21:14,9.816258663755853,6.750357884117847,8.479100496277916
21:15,12.181207500246977,5.706601699481869,7.773889578163772
21:16,11.210321317236229,4.679497178904933,8.466507444168734
21:17,11.106694126688426,3.749527077975216,8.913560794044663
21:18,12.473773845352724,3.599839179386148,8.87578163771712
21:19,11.880323517948204,3.3167486765120984,9.618771712158809
21:20,11.03497097935965,5.29917614540269,10.978821339950372
21:21,11.738383155259484,5.607210443715248,10.449913151364765
21:22,12.424530255983543,7.154002750976135,10.41843052109181
21:23,11.513138096684973,,9.310241935483873
21:24,11.17123836375106,,10.437320099255583
21:25,,8.14495404433258,9.788777915632755
21:26,11.408566499896443,7.14389266560617,7.849447890818858
21:27,11.602641533341936,5.7680464681220105,8.032047146401984
21:28,11.988351656917835,,7.679441687344912
21:29,13.511546461369614,3.8705950459650946,12.631591701720975
21:30,12.049419836953808,,6.898672456575682
21:31,12.389982005324061,3.3085289767208312,7.163126550868485
21:32,12.014707867219471,5.231218637592431,9.385800248138958
21:33,10.653151645304987,5.615529371779543,8.655403225806452
21:34,11.612297789118713,,6.447126894273706
21:35,,7.849259032211922,9.656550868486352
21:36,11.91887375029187,7.5988023578833825,9.461358560794045
21:37,10.061821356350316,7.484071388357766,9.360614143920595
21:38,9.727073524992994,7.0161144134798406,9.354317617866005
21:39,12.071174007612687,5.042228776574193,10.009156327543424
21:40,12.716261039673288,4.677366243765406,10.160272952853598
21:41,11.379444668102634,3.982575352035611,9.008008684863524
21:42,10.817660194858453,3.449065171823551,9.064677419354839
21:43,10.19305056033741,4.110968338986439,8.095012406947891
21:44,10.41746125118276,,7.452766749379652
21:45,10.798332824281664,5.298430698609636,6.791631513647642
21:46,10.56743808115236,7.396642593609583,7.937599255583125
21:47,10.196518513525415,7.964254068416627,6.949044665012407
21:48,,7.257834856145077,9.052084367245659
21:49,10.679848157403788,7.9668129607921685,
21:50,9.836032776823275,6.875515831766709,8.686885856079405
21:51,11.027119010991548,,9.543213399503722
21:52,11.657332665734486,4.554375861281124,9.85803970223325
21:53,12.8336924587915,4.203614269040043,9.85174317617866
21:54,9.05106971838149,4.345043453695173,9.562102977667495
21:55,12.08640319723447,3.956400193454745,8.265018610421835
21:56,11.723153259893655,5.185661875062654,8.907264267990074
21:57,12.88072448119965,5.857773978805449,7.4212841191067
21:58,12.919129475491301,6.501808882369197,7.238684863523574
21:59,10.576565631027,8.165115292690016,7.503138957816377
22:00,12.37046055623965,8.021589454610512,6.716073200992556
22:01,8.133934997229636,,8.08241935483871
22:02,11.670319989831535,,9.341724565756824
22:03,13.097393530659204,,8.120198511166253
22:04,,,5.884083064186138
22:05,11.821754902724233,3.887525863410379,
22:06,12.670629719076532,4.799056015258062,9.272462779156328
22:07,13.330006730059834,4.410978222146176,11.07326923076923
22:08,10.734524056924306,4.395404510857622,10.248424317617866
22:09,10.284449175799482,6.131053541251834,9.61247518610422
22:10,10.48636743858527,7.5109694065522845,8.20205334987593
22:11,12.479486205074465,7.911093790500754,7.937599255583125
22:12,10.133157900111978,8.454924824708208,8.227239454094292
22:13,13.409263048262696,8.093179818349235,8.29650124069479
22:14,,6.2400456745696165,6.577549627791563
22:15,12.25870802305997,,6.514584367245657
22:16,9.69178181967464,4.4949523581351265,6.810521091811415
22:17,9.388425716422486,4.514573853499644,8.900967741935485
22:18,11.051375331912475,3.593122779037162,9.07097394540943
22:19,12.51141970894328,4.3750696454196,9.593585607940447
22:20,11.950156901801657,4.846349335786551,9.448765508684863
22:21,11.190101316176673,6.231918366991573,9.467655086848636
22:22,8.9316757484968,6.9227190210194625,10.771035980148884
22:23,11.018061099830808,8.100641638732617,9.63136476426799
22:24,10.828980541832523,,9.587289081885858
22:25,14.094852893414883,7.286712873174151,9.17171836228288
22:26,11.582364017094292,7.17045564117989,6.867189826302729
22:27,11.239433881058826,6.376138147722317,7.811668734491315
22:28,11.14824947746734,5.1728507463275095,7.4212841191067
22:29,9.743972387550649,4.169320828127894,6.9679342431761775
22:30,,4.073621944030296,6.4327295285359805
22:31,11.422554605636426,4.299372804118554,6.413839950372209
22:32,11.46690547932604,,6.709776674937965
22:33,12.651964857059738,,9.222090570719603
22:34,12.691308037170641,8.200825867782283,8.529472704714639
22:35,13.024728256303616,8.99676021775484,10.147679900744418
22:36,,9.215483303891373,10.122493796526056
22:37,9.199339486535374,,8.787630272952853
22:38,10.846500506810447,7.628801299890357,10.034342431761786
22:39,10.531733278182157,7.002026756273931,9.05838089330025
22:40,8.890879189296056,4.37065622822409,8.982822580645163
22:41,,4.282837013493399,10.090334835971227
22:42,,3.7206210309838017,7.553511166253102
22:43,11.033919807954984,5.143904815651777,8.227239454094292
22:44,9.511046925730804,6.010380628399314,7.799075682382133
22:45,8.99328970963087,,7.163126550868487
22:46,11.948953184486626,,6.313095533498759
22:47,12.442596663355493,7.969438239921239,4.998485328530304
22:48,10.408286918064043,8.266971420737129,8.693182382133996
22:49,11.436159953793753,7.970619295667785,8.800223325062035
22:50,13.288059785883599,,
22:51,13.120900725115561,6.571537989012722,10.330279156327544
22:52,12.977369200640815,5.808011724022485,9.562102977667495
22:53,9.366787769543143,5.3673172791565875,7.8935235732009925
22:54,8.635898674379069,4.2362958183161785,9.196904466501241
22:55,10.568553807315112,,
22:56,13.355859180740946,,9.165421836228289
22:57,11.566677599927425,7.050850171290241,7.496842431761786
22:58,,7.807356716836109,6.854596774193547
22:59,13.483103550039589,8.791422312544274,6.495694789081886
23:00,10.679426132675133,8.938843893093633,6.7853349875930515
23:01,,9.208767066572367,6.87348635235732
23:02,9.740922755585173,7.429487535225823,6.313095533498759
23:03,11.265957414864264,6.713788152754834,7.673145161290321
23:04,10.912064356862611,5.700269910546693,8.466507444168734
23:05,9.781628534665781,4.698271958937033,8.497990074441688
23:06,,,9.30394540942928
23:07,9.867361938378242,4.423980734457027,7.452398636030813
23:08,10.648348949916313,5.519624598778217,9.694330024813897
23:09,10.743414746588453,,9.555806451612904
23:10,12.19328516981761,7.22290367093102,8.548362282878411
23:11,11.588973446389362,9.563999999999998,9.316538461538462
23:12,10.831295269502345,8.780625970270064,6.483101736972705
23:13,11.893603840495777,,6.8420037220843675
23:14,11.608350265031413,7.144781094666145,7.106457816377171
23:15,,6.54770670617617,
23:16,12.832366479624806,4.961259544385697,6.980527295285359
23:17,12.662374302306844,5.456939060287512,8.025750620347393
23:18,12.434072659602355,4.064976020920089,8.674292803970223
23:19,11.718302698495943,5.073122323534691,9.536916873449133
23:20,9.04819452317877,6.1848063616104305,8.346873449131513
23:21,10.45067086580138,7.982745140739819,9.94619106699752
23:22,11.44657537117573,7.433106659389502,10.771035980148882
23:23,8.477852999585956,8.399691168526175,8.246129032258064
23:24,13.655586406692855,9.330535912343683,8.516879652605459
23:25,10.255708516811268,8.655465581962828,9.234683622828785
23:26,9.622521285894987,7.913011399111486,7.679441687344912
23:27,10.106718912928768,6.5216509294247125,6.117903225806451
23:28,11.220133732032803,5.8574526149405095,6.583846153846153
23:29,,3.6237596295128247,6.457915632754342
23:30,11.752519769342658,5.304080464828289,6.1430893300248135
23:31,10.675626827112858,4.8918630853234575,6.300502481389578
23:32,11.88062398450505,2.9551681237555742,8.655403225806452
23:33,10.88953100063487,6.932999064890744,8.170570719602978
23:34,11.882963805270775,7.447529916852773,7.452766749379652
23:35,12.390535728602924,8.764626754898678,8.586141439205955
23:36,10.619274545385887,8.298181994060428,9.398393300248138
23:37,10.443771982888371,9.041560801556107,10.109900744416873
23:38,12.066396468242536,7.529125094572601,9.373207196029776
23:39,12.891730867435136,7.286409150097484,8.87578163771712
23:40,10.5889985556611,,8.497990074441688
23:41,9.26463709871062,,
23:42,12.409383738846529,,7.578697270471464
23:43,10.519150746258195,,6.791631513647642
23:44,7.91404388353915,5.7268086925426775,6.420136476426798
23:45,9.830416970805398,6.446372088470154,7.112754342431762
23:46,11.813488734328597,7.429022382656919,6.275316377171215
23:47,11.671671452438838,9.358705694424065,7.8872270471464
23:48,9.128004963430627,8.992417319822161,9.096160049627791
23:49,,8.557972562139508,10.04693548387097
23:50,11.62419860399213,8.190686572704948,8.126495037220844
23:51,10.580235794018993,7.5537984390318105,9.51173076923077
23:52,12.94867476037219,5.771950347428323,9.53062034739454
23:53,9.664152572827309,4.183733515346108,8.479100496277916
23:54,11.246120726017459,4.695070564652806,8.151681141439205
23:55,8.417095649583441,4.686364397713407,9.014305210918113
23:56,12.413407424874103,5.709658338497395,7.005713399503723
23:57,11.400623632769484,7.063344097983547,7.522028535980148
23:58,9.707463149497713,7.903916115551507,
23:59,11.220123859741769,8.270642173687946,6.609032258064516
